"Location ID","Name","Type","Comment","Country","State","County","Latitude","Longitude","Horizontal Datum","Horizontal Collection Method","Vertical Datum","Vertical Collection Method","Location Groups","Elevation","Elevation Unit","Standards","EA_Closed Date","EA_EMS When Created","EA_EMS When Updated","EA_EMS Who Created","EA_EMS Who Updated","EA_Established Date","EA_Well Tag ID"
"E338984","EV_DC1_CONSTRUCTION","River, Stream, or Creek","Replaces EV_DC1 during bypass period of Harmer Dam Sedimentation Pond","","","","49.789338","-114.785004","","Geographic Positioning System (NAD83)","","","425","1460","m","","","6/16/2025 2:24:21 PM","1/27/2026 1:17:04 PM","Created by Alex Trapp from 40 Kootenay, Nelson","Updated by  EMS from 40 Kootenay, Nelson","6/16/2025",""
"E340745","KSM(PE106824)WTP8","Outfall","Treated effluent discharge from WTP8 into Treaty Creek, PTMA region of the mine site","","","","56.579257","-129.855759","","Google Earth, Google Maps, or other Satellite Imagery","","","106814; 106824","","","","","1/16/2026 1:20:44 PM","","Created by Sarah Tyler from 60 Skeena","","1/16/2026",""
"E340746","KSM(PE106824)EWQSC1","Outfall","Effluent discharge from P8 Early Works Quarry Sediment Control Pond 1 into Unnamed Creek","","","","56.5295","-130.2772","","Google Earth, Google Maps, or other Satellite Imagery","","","106814; 106824","","","","","1/16/2026 1:25:17 PM","","Created by Sarah Tyler from 60 Skeena","","1/16/2026",""
"E340747","KSM(PE106824)EWQSC2","Outfall","Effluent discharge from P8 Early Works Quarry Sediment Control Pond 2 into Unnamed Creek","","","","56.5288","-130.2774","","Google Earth, Google Maps, or other Satellite Imagery","","","106814; 106824","","","","","1/16/2026 1:27:12 PM","","Created by Sarah Tyler from 60 Skeena","","1/16/2026",""
"E340748","KSM(PE106824)EWQSC3","Outfall","Effluent discharge from P8 Early Works Quarry Sediment Control Pond 3 into Unnamed Creek","","","","56.5285","-130.2774","","Google Earth, Google Maps, or other Satellite Imagery","","","106814; 106824","","","","","1/16/2026 1:28:33 PM","","Created by Sarah Tyler from 60 Skeena","","1/16/2026",""
"E340749","KSM(PE106824)EWQSC4","Outfall","Effluent discharge from P8 Early Works Quarry Sediment Control Pond 4 into Unnamed Creek","","","","56.5277","-130.2785","","Google Earth, Google Maps, or other Satellite Imagery","","","106814; 106824","","","","","1/16/2026 1:30:01 PM","","Created by Sarah Tyler from 60 Skeena","","1/16/2026",""
"E340750","KSM(PE106824)MC1A-US","River, Stream, or Creek","Environmental Monitoring Reference site MC1A-US in Mitchell Creek","","","","56.5297","-130.2422","","Google Earth, Google Maps, or other Satellite Imagery","","","","","","","","1/16/2026 1:33:09 PM","","Created by Sarah Tyler from 60 Skeena","","1/16/2026",""
"E340751","KSM(PE106824)MC1B","River, Stream, or Creek","Environmental monitoring site Mc1B nearfield to WTP 6 in Mitchell Creek","","","","56.5214","-130.3175","","Google Earth, Google Maps, or other Satellite Imagery","","","","","","","","1/16/2026 1:35:45 PM","","Created by Sarah Tyler from 60 Skeena","","1/16/2026",""
"E340752","KSM(PE106824)NTR2","River, Stream, or Creek","North Treaty Creek Reference NTR2","","","","56.586","-129.8546","","Google Earth, Google Maps, or other Satellite Imagery","","","","","","","","1/16/2026 1:37:29 PM","","Created by Sarah Tyler from 60 Skeena","","1/16/2026",""
"E340753","KSM(PE106824)TRC2C","River, Stream, or Creek","100m Downstream of TWTP8 Discharge TRC2C","","","","56.5786","-129.855","","Google Earth, Google Maps, or other Satellite Imagery","","","","","","","","1/16/2026 1:40:51 PM","","Created by Sarah Tyler from 60 Skeena","","1/16/2026",""
"E340754","KSM(PE106824)TRC2","River, Stream, or Creek","2km Downstream of TWTP8 Discharge TRC2","","","","56.5713","-129.8289","","Google Earth, Google Maps, or other Satellite Imagery","","","","","","","","1/16/2026 1:42:18 PM","","Created by Sarah Tyler from 60 Skeena","","1/16/2026",""
"E340764","Two River 16-3 Temporary Sources","Stack","","","","","56.172276","-120.273325","","Geographic Positioning System (NAD83)","","","","","","","","1/22/2026 11:01:41 AM","","Created by Database Link for EMA from 71 Omineca Peace, Oil and Gas Commission","","1/22/2026",""
"E340784","City of Abbotsford (112754) Refuse","Landfill","","","","","49.065","-122.2974","","Google Earth, Google Maps, or other Satellite Imagery","","","112754","","","","","1/23/2026 11:41:33 AM","1/23/2026 1:02:17 PM","Created by Database Link for EMA from 10 Vancouver Island, Nanaimo","Updated by Database Link for EMA from 10 Vancouver Island, Nanaimo","1/23/2026",""
"E340785","City of Abbotsford (112754) Leachate from un-lined landfill","Landfill","","","","","49.065","-122.2974","","Google Earth, Google Maps, or other Satellite Imagery","","","112754","","","","","1/23/2026 11:53:00 AM","1/23/2026 1:20:05 PM","Created by Database Link for EMA from 10 Vancouver Island, Nanaimo","Updated by Database Link for EMA from 10 Vancouver Island, Nanaimo","1/23/2026",""
"E340786","City of Abbotsford (112754) Leachate from lined landfill","Landfill","","","","","49.063744","-122.295777","","Google Earth, Google Maps, or other Satellite Imagery","","","112754","","","","","1/23/2026 1:18:54 PM","1/23/2026 2:12:34 PM","Created by Database Link for EMA from 10 Vancouver Island, Nanaimo","Updated by Database Link for EMA from 10 Vancouver Island, Nanaimo","1/23/2026",""
"E340787","City of Abbotsford (112754) Landfill gas","Landfill","","","","","49.065","-122.2974","","Google Earth, Google Maps, or other Satellite Imagery","","","112754","","","","","1/23/2026 1:36:36 PM","","Created by Database Link for EMA from 10 Vancouver Island, Nanaimo","","1/23/2026",""
"E340788","City of Abbotsford (112754) Stornwater","Storm Sewer","","","","","49.065","-122.2974","","Google Earth, Google Maps, or other Satellite Imagery","","","112754","","","","","1/23/2026 1:44:51 PM","","Created by Database Link for EMA from 10 Vancouver Island, Nanaimo","","1/23/2026",""
"E340789","RE-112524 City of Kimberley WWTP Outfall","Outfall","","","","","49.6304","-115.9618","","Google Earth, Google Maps, or other Satellite Imagery","","","112524","","","","","1/23/2026 3:23:41 PM","","Created by Database Link for EMA from 10 Vancouver Island, Nanaimo","","1/23/2026",""
"E340790","ST.MARY RIVER UPSTREAM NORTH SIDE","River, Stream, or Creek","Upstream monitoring location, north side river, for RE-112524","","","","49.6303","-115.9626","","Google Earth, Google Maps, or other Satellite Imagery","","","","","","","","1/23/2026 3:57:47 PM","1/23/2026 4:48:20 PM","Created by Kirsten White from 41 Kootenay, Cranbrook","Updated by Kirsten White from 41 Kootenay, Cranbrook","1/23/2026",""
"E340791","ST. MARY RIVER UPSTREAM SOUTH SIDE","River, Stream, or Creek","upstream monitoring location, side side river, for RE-112524","","","","49.6301","-115.963","","Google Earth, Google Maps, or other Satellite Imagery","","","","","","","","1/23/2026 4:02:25 PM","1/23/2026 4:49:21 PM","Created by Kirsten White from 41 Kootenay, Cranbrook","Updated by Kirsten White from 41 Kootenay, Cranbrook","1/23/2026",""
"E340792","ST. MARY RIVER EDGE OF IDZ","River, Stream, or Creek","downstream edge of initial dilution zone for RE-112524","","","","49.6305","-115.961","","Google Earth, Google Maps, or other Satellite Imagery","","","","","","","","1/23/2026 4:08:09 PM","","Created by Kirsten White from 41 Kootenay, Cranbrook","","1/23/2026",""
"E340793","MARK CREEK","River, Stream, or Creek","Immediately prior to confluence w. St. Mary River, monitoring location for RE-112524","","","","49.6308","-115.9607","","Google Earth, Google Maps, or other Satellite Imagery","","","","","","","","1/23/2026 4:12:28 PM","","Created by Kirsten White from 41 Kootenay, Cranbrook","","1/23/2026",""
"E340794","ST. MARY RIVER DOWNSTREAM NORTH SHORELINE 280 M","River, Stream, or Creek","downstream monitoring location, north side of river, 280 m from outfall terminus for RE-112524","","","","49.6298","-115.9573","","Google Earth, Google Maps, or other Satellite Imagery","","","","","","","","1/23/2026 4:22:36 PM","1/23/2026 4:44:04 PM","Created by Kirsten White from 41 Kootenay, Cranbrook","Updated by Kirsten White from 41 Kootenay, Cranbrook","1/23/2026",""
"E340795","ST. MARY RIVER DOWNSTREAM NORTH SHORELINE 340 M","River, Stream, or Creek","downstream monitoring location, north side of river, 340 m from outfall terminus for RE-112524","","","","49.6294","-115.9566","","Google Earth, Google Maps, or other Satellite Imagery","","","","","","","","1/23/2026 4:30:36 PM","","Created by Kirsten White from 41 Kootenay, Cranbrook","","1/23/2026",""
"E340796","ST. MARY RIVER DOWNSTREAM NORTH SHORELINE 600 M","River, Stream, or Creek","downstream monitoring location, north side of river, 600 m from outfall terminus for RE-112524","","","","49.6276","-115.954","","Google Earth, Google Maps, or other Satellite Imagery","","","","","","","","1/23/2026 4:33:29 PM","1/23/2026 4:40:12 PM","Created by Kirsten White from 41 Kootenay, Cranbrook","Updated by Kirsten White from 41 Kootenay, Cranbrook","1/23/2026",""
"E340797","ST. MARY RIVER DOWNSTREAM SOUTH SHORELINE 600 M","River, Stream, or Creek","downstream monitoring location, south side of river, 600 m from outfall terminus for RE-112524","","","","49.6276","-115.9552","","Google Earth, Google Maps, or other Satellite Imagery","","","","","","","","1/23/2026 4:36:51 PM","","Created by Kirsten White from 41 Kootenay, Cranbrook","","1/23/2026",""
"E340804","City of Abbotsford (112754) Landfill gas management facilities","Landfill","","","","","49.065","-122.2974","","Google Earth, Google Maps, or other Satellite Imagery","","","112754","","","","","1/26/2026 2:39:06 PM","","Created by Database Link for EMA from 10 Vancouver Island, Nanaimo","","1/26/2026",""
"E340824","Septimus 8-22 NOx Emissions","Stack","","","","","56.034248","-120.87647","","Geographic Positioning System (NAD83)","","","106018","","","","","1/30/2026 2:29:07 PM","","Created by Database Link for EMA from 71 Omineca Peace, Oil and Gas Commission","","1/30/2026",""
"E340844","TAILS","Outfall","Eskay Tailings deposition to TMSF","","","","56.6258","-130.5161","","Google Earth, Google Maps, or other Satellite Imagery","","","10818","","","","","2/3/2026 8:42:46 AM","","Created by Database Link for EMA from 60 Skeena","","2/3/2026",""
"E340845","SLUD","Outfall","Water Treatment Plant Sludge deposition to TMSF (SLUD)","","","","56.6258","-130.5161","","Google Earth, Google Maps, or other Satellite Imagery","","","10818","","","","","2/3/2026 8:51:28 AM","","Created by Database Link for EMA from 60 Skeena","","2/3/2026",""
"E340846","MWTP-IN","In-Plant","influent to mine water treatment plant","","","","56.6421","-130.461","","Google Earth, Google Maps, or other Satellite Imagery","","","10818","","","","","2/3/2026 10:04:18 AM","","Created by Todd Adamsson from 60 Skeena","","2/3/2026",""
"E340847","LTC-3.60","River, Stream, or Creek","upstream reference, Little Tom Mackay Creek","","","","56.635","-130.5289","","Google Earth, Google Maps, or other Satellite Imagery","","","10818","","","","","2/3/2026 10:09:02 AM","","Created by Todd Adamsson from 60 Skeena","","2/3/2026",""
"E340848","TC-3.85","River, Stream, or Creek","Recieving environment compliance limit attainment point. Tom Mackay Creek downstream of MWTP discharge.","","","","56.6441","-130.4686","","Google Earth, Google Maps, or other Satellite Imagery","","","10818","","","","","2/3/2026 10:13:43 AM","","Created by Todd Adamsson from 62 Skeena, Terrace","","2/3/2026",""
"E340849","TC-5.67","River, Stream, or Creek","Recieving environment Tom Mackay Creek downstream of TM1 discharge.","","","","56.647","-130.4821","","Google Earth, Google Maps, or other Satellite Imagery","","","10818","","","","","2/3/2026 10:17:56 AM","","Created by Todd Adamsson from 62 Skeena, Terrace","","2/3/2026",""
"E340850","KC-2.00","River, Stream, or Creek","Recieving environment Ketchum Creek downstream of D7 discharge.","","","","56.6396","-130.4205","","Google Earth, Google Maps, or other Satellite Imagery","","","10818","","","","","2/3/2026 10:20:50 AM","","Created by Todd Adamsson from 62 Skeena, Terrace","","2/3/2026",""
"E340851","EC-7.60","River, Stream, or Creek","Eskay Creek downstream of Mackay Adit","","","","56.6223","-130.4707","","Google Earth, Google Maps, or other Satellite Imagery","","","10818","","","","","2/3/2026 10:23:37 AM","2/3/2026 10:35:56 AM","Created by Todd Adamsson from 62 Skeena, Terrace","Updated by Todd Adamsson from 62 Skeena, Terrace","2/3/2026",""
"E340852","EC-5.50","River, Stream, or Creek","Eskay Creek downgradient of south pit","","","","56.6329","-130.4548","","Google Earth, Google Maps, or other Satellite Imagery","","","10818","","","","","2/3/2026 10:34:55 AM","","Created by Todd Adamsson from 62 Skeena, Terrace","","2/3/2026",""
"E340853","EC-4.90","River, Stream, or Creek","Eskay Creek downstream of Emma Adit","","","","56.6407","-130.4405","","Google Earth, Google Maps, or other Satellite Imagery","","","10818","","","","","2/3/2026 10:38:30 AM","","Created by Todd Adamsson from 62 Skeena, Terrace","","2/3/2026",""
"E340854","EC-0.03","River, Stream, or Creek","Eskay Creek upstream of Unuk River","","","","56.6151","-130.4276","","Google Earth, Google Maps, or other Satellite Imagery","","","10818","","","","","2/3/2026 10:40:38 AM","","Created by Todd Adamsson from 62 Skeena, Terrace","","2/3/2026",""
"E340855","CC-9.16","River, Stream, or Creek","Coulter Creek, downgradient of TMSF","","","","56.6074","-130.5035","","Google Earth, Google Maps, or other Satellite Imagery","","","10818","","","","","2/3/2026 10:43:17 AM","","Created by Todd Adamsson from 62 Skeena, Terrace","","2/3/2026",""
"E340856","CC-6.38","River, Stream, or Creek","Coulter Creek, downgradient of TMSF","","","","56.5849","-130.5116","","Google Earth, Google Maps, or other Satellite Imagery","","","10818","","","","","2/3/2026 10:45:28 AM","","Created by Todd Adamsson from 62 Skeena, Terrace","","2/3/2026",""
"E340857","CC-1.67","River, Stream, or Creek","Coulter Creek, probable TMSF seepage impact site","","","","56.5456","-130.5049","","Google Earth, Google Maps, or other Satellite Imagery","","","10818","","","","","2/3/2026 10:47:29 AM","","Created by Todd Adamsson from 62 Skeena, Terrace","","2/3/2026",""
"E340858","CCT-0.20","River, Stream, or Creek","Coulter Creek tributary Downgradient of TMSF","","","","56.5879","-130.5135","","Google Earth, Google Maps, or other Satellite Imagery","","","10818","","","","","2/3/2026 10:49:30 AM","","Created by Todd Adamsson from 62 Skeena, Terrace","","2/3/2026",""
"E340859","HC-20.9","River, Stream, or Creek","Harrymel Creek, Downgradient of TMSF","","","","56.627","-130.5585","","Google Earth, Google Maps, or other Satellite Imagery","","","10818","","","","","2/3/2026 10:51:27 AM","","Created by Todd Adamsson from 62 Skeena, Terrace","","2/3/2026",""
"E340860","HC-15.4","River, Stream, or Creek","Harrymel Creek, Downgradient of TMSF","","","","56.5811","-130.5684","","Google Earth, Google Maps, or other Satellite Imagery","","","10818","","","","","2/3/2026 10:52:47 AM","","Created by Todd Adamsson from 62 Skeena, Terrace","","2/3/2026",""
"E340861","HC-0.00","River, Stream, or Creek","Harrymel Creek, Upstream of Unuk River","","","","56.452","-130.5669","","Google Earth, Google Maps, or other Satellite Imagery","","","10818","","","","","2/3/2026 10:54:26 AM","","Created by Todd Adamsson from 62 Skeena, Terrace","","2/3/2026",""
"E340862","UR-85.6","River, Stream, or Creek","Unuk River, Upstream reference","","","","56.6569","-130.3524","","Google Earth, Google Maps, or other Satellite Imagery","","","10818","","","","","2/3/2026 10:56:20 AM","","Created by Todd Adamsson from 62 Skeena, Terrace","","2/3/2026",""
"E340863","UR-78.6","River, Stream, or Creek","Unuk River, Downstream of Ketchum Creek","","","","56.6154","-130.4259","","Google Earth, Google Maps, or other Satellite Imagery","","","10818","","","","","2/3/2026 10:58:12 AM","","Created by Todd Adamsson from 62 Skeena, Terrace","","2/3/2026",""
"E340864","UR-76.8","River, Stream, or Creek","Unuk River, Downstream of Eskay Creek","","","","56.6015","-130.4419","","Google Earth, Google Maps, or other Satellite Imagery","","","10818","","","","","2/3/2026 10:59:56 AM","","Created by Todd Adamsson from 62 Skeena, Terrace","","2/3/2026",""
"E340865","UR-67.0","River, Stream, or Creek","Unuk River, Downstream of Coulter Creek","","","","56.5286","-130.499","","Google Earth, Google Maps, or other Satellite Imagery","","","10818","","","","","2/3/2026 11:01:28 AM","","Created by Todd Adamsson from 62 Skeena, Terrace","","2/3/2026",""
"E340866","UR-62.1","River, Stream, or Creek","Unuk River, Upstream of Sulphurets Creek","","","","56.4909","-130.5057","","Google Earth, Google Maps, or other Satellite Imagery","","","10818","","","","","2/3/2026 11:02:56 AM","","Created by Todd Adamsson from 62 Skeena, Terrace","","2/3/2026",""
"E340867","UR-61.4","River, Stream, or Creek","Unuk River, downstream of Sulphurets Creek","","","","56.4847","-130.5077","","Google Earth, Google Maps, or other Satellite Imagery","","","10818","","","","","2/3/2026 11:04:39 AM","","Created by Todd Adamsson from 62 Skeena, Terrace","","2/3/2026",""
"E340868","UR-55.3","River, Stream, or Creek","Unuk River, downstream of Harrymel Creek","","","","56.4502","-130.5659","","Google Earth, Google Maps, or other Satellite Imagery","","","10818","","","","","2/3/2026 11:06:15 AM","","Created by Todd Adamsson from 62 Skeena, Terrace","","2/3/2026",""
"E340869","UR-43.9","River, Stream, or Creek","Unuk River, Upstream of USA border","","","","56.3728","-130.6868","","Google Earth, Google Maps, or other Satellite Imagery","","","10818","","","","","2/3/2026 11:07:49 AM","","Created by Todd Adamsson from 62 Skeena, Terrace","","2/3/2026",""
"E340870","MW17-02A","Well","KM59 Camp","","","","56.6543","-130.428","","Google Earth, Google Maps, or other Satellite Imagery","","","10818","","","","","2/3/2026 12:09:38 PM","","Created by Todd Adamsson from 62 Skeena, Terrace","","2/3/2026",""
"E340871","MW17-02B-R","Well","KM59 Camp","","","","56.6541","-130.428","","Google Earth, Google Maps, or other Satellite Imagery","","","10818","","","","","2/3/2026 12:13:03 PM","","Created by Todd Adamsson from 62 Skeena, Terrace","","2/3/2026",""
"E340872","MW17-03A","Well","KM59 Camp","","","","56.653","-130.4286","","Google Earth, Google Maps, or other Satellite Imagery","","","10818","","","","","2/3/2026 12:14:25 PM","","Created by Todd Adamsson from 62 Skeena, Terrace","","2/3/2026",""
"E340873","MW17-03B","Well","KM59 Camp","","","","56.653","-130.4286","","Google Earth, Google Maps, or other Satellite Imagery","","","10818","","","","","2/3/2026 12:15:57 PM","","Created by Todd Adamsson from 62 Skeena, Terrace","","2/3/2026",""
"E340874","MW17-04A","Well","KM59 Camp","","","","56.6519","-130.4305","","Google Earth, Google Maps, or other Satellite Imagery","","","10818","","","","","2/3/2026 12:17:42 PM","","Created by Todd Adamsson from 62 Skeena, Terrace","","2/3/2026",""
"E340875","MW17-04B","Well","KM59 Camp","","","","56.6519","-130.4304","","Google Earth, Google Maps, or other Satellite Imagery","","","10818","","","","","2/3/2026 12:19:26 PM","","Created by Todd Adamsson from 62 Skeena, Terrace","","2/3/2026",""
"E340876","MW22-09","Well","TMSF North Dam","","","","56.6407","-130.5039","","Google Earth, Google Maps, or other Satellite Imagery","","","10818","","","","","2/3/2026 12:21:12 PM","","Created by Todd Adamsson from 62 Skeena, Terrace","","2/3/2026",""
"E340877","MW22-10A","Well","Ridge West of TMSF","","","","56.6187","-130.5364","","Google Earth, Google Maps, or other Satellite Imagery","","","10818","","","","","2/3/2026 12:23:03 PM","","Created by Todd Adamsson from 62 Skeena, Terrace","","2/3/2026",""
"E340878","MW22-11","Well","TMSF South Dam","","","","56.6095","-130.5345","","Google Earth, Google Maps, or other Satellite Imagery","","","10818","","","","","2/3/2026 12:24:52 PM","","Created by Todd Adamsson from 62 Skeena, Terrace","","2/3/2026",""
"E340879","MW22-12","Well","TMSF South Dam","","","","56.6044","-130.5254","","Google Earth, Google Maps, or other Satellite Imagery","","","10818","","","","","2/3/2026 12:26:13 PM","","Created by Todd Adamsson from 62 Skeena, Terrace","","2/3/2026",""
"E340880","MW22-13","Well","Albino Storage Facility","","","","56.6551","-130.4944","","Google Earth, Google Maps, or other Satellite Imagery","","","10818","","","","","2/3/2026 12:27:44 PM","","Created by Todd Adamsson from 62 Skeena, Terrace","","2/3/2026",""
"E340881","MW22-14","Well","Albino Storage Facility","","","","56.6478","-130.4963","","Google Earth, Google Maps, or other Satellite Imagery","","","10818","","","","","2/3/2026 12:29:02 PM","","Created by Todd Adamsson from 62 Skeena, Terrace","","2/3/2026",""
"E340882","MW22-15","Well","Albino Storage Facility","","","","56.6555","-130.4943","","Google Earth, Google Maps, or other Satellite Imagery","","","10818","","","","","2/3/2026 12:30:28 PM","","Created by Todd Adamsson from 62 Skeena, Terrace","","2/3/2026",""
"E340883","BH-PP1-05A","Well","Southwest of Process Plant Pad","","","","56.6394","-130.4729","","Google Earth, Google Maps, or other Satellite Imagery","","","10818","","","","","2/3/2026 12:33:18 PM","","Created by Todd Adamsson from 62 Skeena, Terrace","","2/3/2026",""
"E340884","BH-2022-WRSF-08","Well","MRSA","","","","56.6375","-130.4664","","Google Earth, Google Maps, or other Satellite Imagery","","","10818","","","","","2/3/2026 12:35:06 PM","","Created by Todd Adamsson from 62 Skeena, Terrace","","2/3/2026",""
"E340885","BH-PP1-05B","Well","Southwest of Process Plant Pad","","","","56.6394","-130.4729","","Google Earth, Google Maps, or other Satellite Imagery","","","10818","","","","","2/3/2026 12:36:46 PM","","Created by Todd Adamsson from 62 Skeena, Terrace","","2/3/2026",""
"E340886","G-SP-01B","Well","South Pit","","","","56.6377","-130.4556","","Google Earth, Google Maps, or other Satellite Imagery","","","10818","","","","","2/3/2026 12:38:20 PM","","Created by Todd Adamsson from 62 Skeena, Terrace","","2/3/2026",""
"E340887","BH-2025-MRSA-02","Well","MRSACP","","","","56.6521","-130.4486","","Google Earth, Google Maps, or other Satellite Imagery","","","10818","","","","","2/3/2026 12:46:20 PM","","Created by Todd Adamsson from 62 Skeena, Terrace","","2/3/2026",""
"E340888","BH-2025-MRSA-03","Well","MRSACP","","","","56.6492","-130.4486","","Google Earth, Google Maps, or other Satellite Imagery","","","10818","","","","","2/3/2026 12:48:08 PM","","Created by Todd Adamsson from 62 Skeena, Terrace","","2/3/2026",""
"E340889","BH-2025-TMSF-01A","Well","TMSF North Dam","","","","56.6422","-130.5043","","Google Earth, Google Maps, or other Satellite Imagery","","","10818","","","","","2/3/2026 12:49:34 PM","2/3/2026 12:58:31 PM","Created by Todd Adamsson from 62 Skeena, Terrace","Updated by Todd Adamsson from 62 Skeena, Terrace","2/3/2026",""
"E340890","BH-2025-TMSF-01B","Well","TMSF North Dam","","","","56.6422","-130.5043","","Google Earth, Google Maps, or other Satellite Imagery","","","10818","","","","","2/3/2026 12:50:27 PM","2/3/2026 12:57:24 PM","Created by Todd Adamsson from 62 Skeena, Terrace","Updated by Todd Adamsson from 62 Skeena, Terrace","2/3/2026",""
"E340891","BH-2025-TMSF-01C","Well","TMSF North Dam","","","","56.6422","-130.5043","","Google Earth, Google Maps, or other Satellite Imagery","","","10818","","","","","2/3/2026 12:51:34 PM","2/3/2026 12:55:43 PM","Created by Todd Adamsson from 62 Skeena, Terrace","Updated by Todd Adamsson from 62 Skeena, Terrace","2/3/2026",""
"E340892","BH-2025-TMSF-02A","Well","TMSF North Dam","","","","56.6414","-130.4986","","Google Earth, Google Maps, or other Satellite Imagery","","","10818","","","","","2/3/2026 1:01:24 PM","","Created by Todd Adamsson from 62 Skeena, Terrace","","2/3/2026",""
"E340893","BH-2025-TMSF-02B","Well","TMSF North Dam","","","","56.6414","-130.4986","","Google Earth, Google Maps, or other Satellite Imagery","","","10818","","","","","2/3/2026 1:02:27 PM","","Created by Todd Adamsson from 62 Skeena, Terrace","","2/3/2026",""
"E340894","BH-2025-TMSF-04A","Well","TMSF North Dam","","","","56.6395","-130.4929","","Google Earth, Google Maps, or other Satellite Imagery","","","10818","","","","","2/3/2026 1:04:06 PM","","Created by Todd Adamsson from 62 Skeena, Terrace","","2/3/2026",""
"E340895","BH-2025-TMSF-04B","Well","TMSF North Dam","","","","56.6395","-130.4929","","Google Earth, Google Maps, or other Satellite Imagery","","","10818","","","","","2/3/2026 1:05:10 PM","","Created by Todd Adamsson from 62 Skeena, Terrace","","2/3/2026",""
"E340896","BH-2025-TMSF-05B","Well","TMSF south Dam","","","","56.6052","-130.5272","","Google Earth, Google Maps, or other Satellite Imagery","","","10818","","","","","2/3/2026 1:07:16 PM","","Created by Todd Adamsson from 62 Skeena, Terrace","","2/3/2026",""
"E340897","BH-2025-TMSF-05C","Well","TMSF south Dam","","","","56.6052","-130.5272","","Google Earth, Google Maps, or other Satellite Imagery","","","10818","","","","","2/3/2026 1:08:09 PM","","Created by Todd Adamsson from 62 Skeena, Terrace","","2/3/2026",""
"E340898","BH-2025-TMSF-06A","Well","TMSF north Dam","","","","56.6052","-130.5272","","Google Earth, Google Maps, or other Satellite Imagery","","","10818","","","","","2/3/2026 1:10:08 PM","","Created by Todd Adamsson from 62 Skeena, Terrace","","2/3/2026",""
"E340899","BH-2025-TMSF-06B","Well","TMSF north Dam","","","","56.6052","-130.5272","","Google Earth, Google Maps, or other Satellite Imagery","","","10818","","","","","2/3/2026 1:11:02 PM","","Created by Todd Adamsson from 62 Skeena, Terrace","","2/3/2026",""
"E340900","BH-2025-TMSF-08A","Well","TMSF North Dam West Abutment","","","","56.6332","-130.5197","","Google Earth, Google Maps, or other Satellite Imagery","","","10818","","","","","2/3/2026 1:12:41 PM","","Created by Todd Adamsson from 62 Skeena, Terrace","","2/3/2026",""
"E340901","BH-2025-TMSF-08B","Well","TMSF North Dam West Abutment","","","","56.6332","-130.5197","","Google Earth, Google Maps, or other Satellite Imagery","","","10818","","","","","2/3/2026 1:13:32 PM","","Created by Todd Adamsson from 62 Skeena, Terrace","","2/3/2026",""
"E340902","BH-2025-TMSF-08C","Well","TMSF North Dam West Abutment","","","","56.6332","-130.5197","","Google Earth, Google Maps, or other Satellite Imagery","","","10818","","","","","2/3/2026 1:14:30 PM","","Created by Todd Adamsson from 62 Skeena, Terrace","","2/3/2026",""
"E340903","BH-2026-TMSF-R","Well","Monitoring for seepage from TMSF towards Coulter Creek.","","","","56.6277","-130.5064","","Google Earth, Google Maps, or other Satellite Imagery","","","10818","","","","","2/3/2026 1:58:55 PM","","Created by Todd Adamsson from 62 Skeena, Terrace","","2/3/2026",""
"E340904","BH-2026-TMSF-R B","Well","Monitoring for seepage from TMSF towards Coulter Creek.","","","","56.6277","-130.5064","","Google Earth, Google Maps, or other Satellite Imagery","","","10818","","","","","2/3/2026 1:59:49 PM","","Created by Todd Adamsson from 62 Skeena, Terrace","","2/3/2026",""
"E340905","BH-2026-TMSF-R A","Well","Monitoring for seepage from TMSF towards Coulter Creek.","","","","56.6277","-130.5064","","Google Earth, Google Maps, or other Satellite Imagery","","","10818","","","","","2/3/2026 2:00:52 PM","","Created by Todd Adamsson from 62 Skeena, Terrace","","2/3/2026",""
"E340906","BH-2026-TMSF-U C","Well","Monitoring for seepage from TMSF towards Coulter Creek.","","","","56.613","-130.5162","","Google Earth, Google Maps, or other Satellite Imagery","","","10818","","","","","2/3/2026 2:02:28 PM","","Created by Todd Adamsson from 62 Skeena, Terrace","","2/3/2026",""
"E340907","BH-2026-TMSF-U B","Well","Monitoring for seepage from TMSF towards Coulter Creek.","","","","56.613","-130.5162","","Google Earth, Google Maps, or other Satellite Imagery","","","10818","","","","","2/3/2026 2:03:17 PM","","Created by Todd Adamsson from 62 Skeena, Terrace","","2/3/2026",""
"E340908","BH-2026-TMSF-U A","Well","Monitoring for seepage from TMSF towards Coulter Creek.","","","","56.613","-130.5162","","Google Earth, Google Maps, or other Satellite Imagery","","","10818","","","","","2/3/2026 2:04:16 PM","","Created by Todd Adamsson from 62 Skeena, Terrace","","2/3/2026",""
"E340924","OW522 CORMORANT ISLAND (CEDAR ST)","Well","Well is located on the right-of-way for Cedar Street.","","","","50.582406","-126.924898","","Geographic Positioning System (NAD83)","","","","","","","","2/4/2026 3:58:59 PM","2/4/2026 4:17:25 PM","Created by Graeme Henderson from 90 Headquarters, Victoria","Updated by Graeme Henderson from 90 Headquarters, Victoria","2/4/2026",""
"E340944","Passive Landfill Gas Discharge","Landfill","","","","","58.82","-122.57","","Google Earth, Google Maps, or other Satellite Imagery","","","16960","","","","","2/5/2026 11:20:46 AM","","Created by Database Link for EMA from 70 Omineca-Peace, Prince George","","2/5/2026",""
"E340964","Open Burn Pit","Open Burning","Open burn pit  > 1m from camp","","","","53.2041","-124.86","","Google Earth, Google Maps, or other Satellite Imagery","","","110650","","","","","2/5/2026 3:43:25 PM","2/12/2026 10:27:49 AM","Created by Database Link for EMA from 70 Omineca-Peace, Prince George","Updated by Database Link for EMA from 70 Omineca-Peace, Prince George","2/5/2026",""
"E340968","KM46 Camp Municipal Wastewater Treatment Plant","In-Plant","Treated wastewater to Volcano Creek","","","","56.69","-130.55","","Google Earth, Google Maps, or other Satellite Imagery","","","112760","","","","","2/5/2026 4:09:15 PM","","Created by Database Link for EMA from 60 Skeena","","2/5/2026",""
"E340984","KSM(PE106824)MTT-TP SUMP","Seepage or Seepage Pools","Treaty Portal MTT Sump","","","","56.656883","-130.008097","","Google Earth, Google Maps, or other Satellite Imagery","","","","","","","","2/6/2026 10:57:54 AM","","Created by Sarah Tyler from 60 Skeena","","1/16/2026",""
"E340985","KSM(PE106824)MTT-TP MUCK SUMP","Seepage or Seepage Pools","Treaty Portal MTT Muck Pad Sump","","","","56.660063","-130.002554","","Google Earth, Google Maps, or other Satellite Imagery","","","","","","","","2/6/2026 10:59:54 AM","","Created by Sarah Tyler from 60 Skeena","","1/16/2026",""
"E340986","KSM(PE106824)MTT-SP SUMP","Seepage or Seepage Pools","Saddle Portal MTT Sump","","","","56.622932","-130.079702","","Google Earth, Google Maps, or other Satellite Imagery","","","","","","","","2/6/2026 11:01:23 AM","","Created by Sarah Tyler from 60 Skeena","","1/16/2026",""
"E340987","KSM(PE106824)MTT-SP MUCK PAD","Seepage or Seepage Pools","Saddle Portal MTT Muck Pad Sump","","","","56.618667","-130.067847","","Google Earth, Google Maps, or other Satellite Imagery","","","","","","","","2/6/2026 11:02:33 AM","","Created by Sarah Tyler from 60 Skeena","","1/16/2026",""
"E340988","KSM(PE106824)MTT-MP MUCK PAD","Seepage or Seepage Pools","Mitchell Portal MTT Muck Pad Sump","","","","56.52533","-130.292518","","Google Earth, Google Maps, or other Satellite Imagery","","","","","","","","2/6/2026 11:04:07 AM","","Created by Sarah Tyler from 60 Skeena","","1/16/2026",""
"E340989","KSM(PE106824)TWTP6 INFLUENT","In-Plant","TWTP 6 Influent Line","","","","56.524895","-130.301493","","Google Earth, Google Maps, or other Satellite Imagery","","","","","","","","2/6/2026 11:06:12 AM","","Created by Sarah Tyler from 60 Skeena","","1/16/2026",""
"E340990","KSM(PE106824)TWTP8 INFLUENT","In-Plant","TWTP 8 Influent Line","","","","56.660918","-130.002446","","Google Earth, Google Maps, or other Satellite Imagery","","","","","","","","2/6/2026 11:07:42 AM","","Created by Sarah Tyler from 60 Skeena","","1/16/2026",""
"E340991","KSM(PE106824)TWTP4 INFLUENT","In-Plant","TWTP 4 Influent Line","","","","56.616051","-130.062836","","Google Earth, Google Maps, or other Satellite Imagery","","","","","","","","2/6/2026 11:08:48 AM","","Created by Sarah Tyler from 60 Skeena","","1/16/2026",""
"E340992","KSM(PE106824)TDD-1","Ditch or Culvert","Treaty Diversion Ditch 1","","","","56.662503","-130.007366","","Google Earth, Google Maps, or other Satellite Imagery","","","","","","","","2/6/2026 11:11:00 AM","","Created by Sarah Tyler from 60 Skeena","","1/16/2026",""
"E340993","KSM(PE106824)TDD-2","Ditch or Culvert","Treaty Diversion Ditch 2","","","","56.660929","-130.006661","","Google Earth, Google Maps, or other Satellite Imagery","","","","","","","","2/6/2026 11:11:57 AM","","Created by Sarah Tyler from 60 Skeena","","1/16/2026",""
"E340994","KSM(PE106824)TDD-3","Ditch or Culvert","Treaty Diversion Ditch 3","","","","56.660979","-130.000243","","Google Earth, Google Maps, or other Satellite Imagery","","","","","","","","2/6/2026 11:12:56 AM","","Created by Sarah Tyler from 60 Skeena","","1/16/2026",""
"E340995","KSM(PE106824)TDD-4","Ditch or Culvert","Treaty Diversion Ditch 4","","","","56.660765","-129.998838","","Google Earth, Google Maps, or other Satellite Imagery","","","","","","","","2/6/2026 11:13:47 AM","","Created by Sarah Tyler from 60 Skeena","","1/16/2026",""
"E340996","KSM(PE106824)TDD-5","Ditch or Culvert","Treaty Diversion Ditch 5","","","","56.660232","-130.001936","","Google Earth, Google Maps, or other Satellite Imagery","","","","","","","","2/6/2026 11:14:53 AM","","Created by Sarah Tyler from 60 Skeena","","1/16/2026",""
"E340997","KSM(PE106824)SDD-1","Ditch or Culvert","Saddle Diversion Ditch 1","","","","56.623913","-130.080887","","Google Earth, Google Maps, or other Satellite Imagery","","","","","","","","2/6/2026 11:16:16 AM","","Created by Sarah Tyler from 60 Skeena","","1/16/2026",""
"E340998","KSM(PE106824)SDD-2","Ditch or Culvert","Saddle Diversion Ditch 2","","","","56.620826","-130.077676","","Google Earth, Google Maps, or other Satellite Imagery","","","","","","","","2/6/2026 11:17:13 AM","","Created by Sarah Tyler from 60 Skeena","","1/16/2026",""
"E340999","KSM(PE106824)SDD-3","Ditch or Culvert","Saddle Diversion Ditch 3","","","","56.617731","-130.064059","","Google Earth, Google Maps, or other Satellite Imagery","","","","","","","","2/6/2026 11:17:59 AM","","Created by Sarah Tyler from 60 Skeena","","1/16/2026",""
"E341000","KSM(PE106824)SDD-4","Ditch or Culvert","Saddle Diversion Ditch 4","","","","56.616234","-130.06452","","Google Earth, Google Maps, or other Satellite Imagery","","","","","","","","2/6/2026 11:18:45 AM","","Created by Sarah Tyler from 60 Skeena","","1/16/2026",""
"E341001","KSM(PE106824)SDD-5","Ditch or Culvert","Saddle Diversion Ditch 5","","","","56.614973","-130.06017","","Google Earth, Google Maps, or other Satellite Imagery","","","","","","","","2/6/2026 11:19:29 AM","","Created by Sarah Tyler from 60 Skeena","","1/16/2026",""
"E341002","KSM(PE106824)SDD-6","Ditch or Culvert","Saddle Diversion Ditch 6","","","","56.614855","-130.061202","","Google Earth, Google Maps, or other Satellite Imagery","","","","","","","","2/6/2026 11:20:19 AM","","Created by Sarah Tyler from 60 Skeena","","1/16/2026",""
"E341003","KSM(PE106824)MDD-1","Ditch or Culvert","Mitchell Diversion Ditch 1","","","","56.528221","-130.277984","","Google Earth, Google Maps, or other Satellite Imagery","","","","","","","","2/6/2026 11:21:28 AM","","Created by Sarah Tyler from 60 Skeena","","1/16/2026",""
"E341004","KSM(PE106824)MDD-2","Ditch or Culvert","Mitchell Diversion Ditch 2","","","","56.527378","-130.284524","","Google Earth, Google Maps, or other Satellite Imagery","","","","","","","","2/6/2026 11:22:19 AM","","Created by Sarah Tyler from 60 Skeena","","1/16/2026",""
"E341005","KSM(PE106824)MDD-3","Ditch or Culvert","Mitchell Diversion Ditch 3","","","","56.526785","-130.285253","","Google Earth, Google Maps, or other Satellite Imagery","","","","","","","","2/6/2026 11:24:03 AM","","Created by Sarah Tyler from 60 Skeena","","1/16/2026",""
"E341006","KSM(PE106824)MDD-4","Ditch or Culvert","Mitchell Diversion Ditch 4","","","","56.525106","-130.2917","","Google Earth, Google Maps, or other Satellite Imagery","","","","","","","","2/6/2026 11:26:47 AM","","Created by Sarah Tyler from 60 Skeena","","1/16/2026",""
"E341007","KSM(PE106824)MDD-5","Ditch or Culvert","Mitchell Diversion Ditch 5","","","","56.524419","-130.29898","","Google Earth, Google Maps, or other Satellite Imagery","","","","","","","","2/6/2026 11:27:46 AM","","Created by Sarah Tyler from 60 Skeena","","1/16/2026",""
"E341008","KSM(PE106824)MDD-6","Ditch or Culvert","Mitchell Diversion Ditch 6","","","","56.524067","-130.301078","","Google Earth, Google Maps, or other Satellite Imagery","","","","","","","","2/6/2026 11:28:35 AM","","Created by Sarah Tyler from 60 Skeena","","1/16/2026",""
"E341009","KSM(PE106824)MDD-7","Ditch or Culvert","Mitchell Diversion Ditch 7","","","","56.525428","-130.304376","","Google Earth, Google Maps, or other Satellite Imagery","","","","","","","","2/6/2026 11:29:29 AM","","Created by Sarah Tyler from 60 Skeena","","1/16/2026",""
"E341010","KSM(PE106824)MDD-8","Ditch or Culvert","Mitchell Diversion Ditch 8","","","","56.525172","-130.304972","","Google Earth, Google Maps, or other Satellite Imagery","","","","","","","","2/6/2026 11:30:23 AM","","Created by Sarah Tyler from 60 Skeena","","1/16/2026",""
"E341011","KSM(PE106824)TGW-1","Well","Treaty Portal Area GW piezometer 1","","","","56.662616","-130.007947","","Google Earth, Google Maps, or other Satellite Imagery","","","","","","","","2/6/2026 11:32:42 AM","","Created by Sarah Tyler from 60 Skeena","","1/16/2026",""
"E341012","KSM(PE106824)TGW-2","Well","Treaty Portal Area GW piezometer 2","","","","56.661749","-130.003675","","Google Earth, Google Maps, or other Satellite Imagery","","","","","","","","2/6/2026 11:33:32 AM","","Created by Sarah Tyler from 60 Skeena","","1/16/2026",""
"E341013","KSM(PE106824)TGW-3","Well","Treaty Portal Area GW piezometer 3","","","","56.66142","-130.00142","","Google Earth, Google Maps, or other Satellite Imagery","","","","","","","","2/6/2026 11:34:35 AM","","Created by Sarah Tyler from 60 Skeena","","1/16/2026",""
"E341014","KSM(PE106824)TGW-4","Well","Treaty Portal Area GW piezometer 4","","","","56.65918","-130.006299","","Google Earth, Google Maps, or other Satellite Imagery","","","","","","","","2/6/2026 11:35:21 AM","","Created by Sarah Tyler from 60 Skeena","","1/16/2026",""
"E341015","KSM(PE106824)TGW-5","Well","Treaty Portal Area GW piezometer 5","","","","56.658625","-130.007345","","Google Earth, Google Maps, or other Satellite Imagery","","","","","","","","2/6/2026 11:36:17 AM","","Created by Sarah Tyler from 60 Skeena","","1/16/2026",""
"E341016","KSM(PE106824)TGW-6","Well","Treaty Portal Area GW piezometer 6","","","","56.66027","-130.002193","","Google Earth, Google Maps, or other Satellite Imagery","","","","","","","","2/6/2026 11:37:09 AM","","Created by Sarah Tyler from 60 Skeena","","1/16/2026",""
"E341017","KSM(PE106824)TGW-7","Well","Treaty Portal Area GW piezometer 7","","","","56.660194","-129.999311","","Google Earth, Google Maps, or other Satellite Imagery","","","","","","","","2/6/2026 11:38:02 AM","","Created by Sarah Tyler from 60 Skeena","","1/16/2026",""
"E341018","KSM(PE106824)SGW-1","Well","Saddle Portal Area GW piezometer 1","","","","56.624222","-130.080008","","Google Earth, Google Maps, or other Satellite Imagery","","","","","","","","2/6/2026 11:39:04 AM","","Created by Sarah Tyler from 60 Skeena","","1/16/2026",""
"E341019","KSM(PE106824)SGW-2","Well","Saddle Portal Area GW piezometer 2","","","","56.622754","-130.079881","","Google Earth, Google Maps, or other Satellite Imagery","","","","","","","","2/6/2026 11:40:02 AM","","Created by Sarah Tyler from 60 Skeena","","1/16/2026",""
"E341020","KSM(PE106824)SGW-3","Well","Saddle Portal Area GW piezometer 3","","","","56.620812","-130.07178","","Google Earth, Google Maps, or other Satellite Imagery","","","","","","","","2/6/2026 11:41:36 AM","","Created by Sarah Tyler from 60 Skeena","","1/16/2026",""
"E341021","KSM(PE106824)SGW-4","Well","Saddle Portal Area GW piezometer 4","","","","56.619923","-130.074875","","Google Earth, Google Maps, or other Satellite Imagery","","","","","","","","2/6/2026 11:42:23 AM","","Created by Sarah Tyler from 60 Skeena","","1/16/2026",""
"E341022","KSM(PE106824)SGW-5","Well","Saddle Portal Area GW piezometer 5","","","","56.61835","-130.06709","","Google Earth, Google Maps, or other Satellite Imagery","","","","","","","","2/6/2026 11:43:25 AM","","Created by Sarah Tyler from 60 Skeena","","1/16/2026",""
"E341023","KSM(PE106824)SGW-6","Well","Saddle Portal Area GW piezometer 6","","","","56.617631","-130.064582","","Google Earth, Google Maps, or other Satellite Imagery","","","","","","","","2/6/2026 11:44:15 AM","","Created by Sarah Tyler from 60 Skeena","","1/16/2026",""
"E341024","KSM(PE106824)SGW-7","Well","Saddle Portal Area GW piezometer 7","","","","56.61688","-130.06639","","Google Earth, Google Maps, or other Satellite Imagery","","","","","","","","2/6/2026 11:45:07 AM","","Created by Sarah Tyler from 60 Skeena","","1/16/2026",""
"E341025","KSM(PE106824)SGW-8","Well","Saddle Portal Area GW piezometer 8","","","","56.61562","-130.067026","","Google Earth, Google Maps, or other Satellite Imagery","","","","","","","","2/6/2026 11:45:53 AM","","Created by Sarah Tyler from 60 Skeena","","1/16/2026",""
"E341026","KSM(PE106824)SGW-9","Well","Saddle Portal Area GW piezometer 9","","","","56.61641","-130.0688","","Google Earth, Google Maps, or other Satellite Imagery","","","","","","","","2/6/2026 11:46:47 AM","","Created by Sarah Tyler from 60 Skeena","","1/16/2026",""
"E341027","KSM(PE106824)SGW-10","Well","Saddle Portal Area GW piezometer 10","","","","56.616743","-130.062697","","Google Earth, Google Maps, or other Satellite Imagery","","","","","","","","2/6/2026 11:47:40 AM","","Created by Sarah Tyler from 60 Skeena","","1/16/2026",""
"E341028","KSM(PE106824)SGW-11","Well","Saddle Portal Area GW piezometer 11","","","","56.61489","-130.060633","","Google Earth, Google Maps, or other Satellite Imagery","","","","","","","","2/6/2026 11:48:23 AM","","Created by Sarah Tyler from 60 Skeena","","1/16/2026",""
"E341029","KSM(PE106824)MGW-1","Well","Mitchell Portal Area GW piezometer 1","","","","56.53004","-130.27472","","Google Earth, Google Maps, or other Satellite Imagery","","","","","","","","2/6/2026 11:49:18 AM","","Created by Sarah Tyler from 60 Skeena","","1/16/2026",""
"E341030","KSM(PE106824)MGW-2","Well","Mitchell Portal Area GW piezometer 2","","","","56.528972","-130.274602","","Google Earth, Google Maps, or other Satellite Imagery","","","","","","","","2/6/2026 11:50:10 AM","","Created by Sarah Tyler from 60 Skeena","","1/16/2026",""
"E341031","KSM(PE106824)MGW-3","Well","Mitchell Portal Area GW piezometer 3","","","","56.526906","-130.280838","","Google Earth, Google Maps, or other Satellite Imagery","","","","","","","","2/6/2026 11:50:52 AM","","Created by Sarah Tyler from 60 Skeena","","1/16/2026",""
"E341032","KSM(PE106824)MGW-4","Well","Mitchell Portal Area GW piezometer 4","","","","56.529654","-130.286305","","Google Earth, Google Maps, or other Satellite Imagery","","","","","","","","2/6/2026 11:51:45 AM","","Created by Sarah Tyler from 60 Skeena","","1/16/2026",""
"E341033","KSM(PE106824)MGW-5","Well","Mitchell Portal Area GW piezometer 5","","","","56.526294","-130.285839","","Google Earth, Google Maps, or other Satellite Imagery","","","","","","","","2/6/2026 11:52:27 AM","","Created by Sarah Tyler from 60 Skeena","","1/16/2026",""
"E341034","KSM(PE106824)MGW-6","Well","Mitchell Portal Area GW piezometer 6","","","","56.52497","-130.292711","","Google Earth, Google Maps, or other Satellite Imagery","","","","","","","","2/6/2026 11:53:11 AM","","Created by Sarah Tyler from 60 Skeena","","1/16/2026",""
"E341035","KSM(PE106824)MGW-7","Well","Mitchell Portal Area GW piezometer 7","","","","56.525169","-130.299067","","Google Earth, Google Maps, or other Satellite Imagery","","","","","","","","2/6/2026 11:53:51 AM","","Created by Sarah Tyler from 60 Skeena","","1/16/2026",""
"E341036","KSM(PE106824)MGW-8","Well","Mitchell Portal Area GW piezometer 8","","","","56.52408","-130.30122","","Google Earth, Google Maps, or other Satellite Imagery","","","","","","","","2/6/2026 11:54:34 AM","","Created by Sarah Tyler from 60 Skeena","","1/16/2026",""
"E341037","KSM(PE106824)MGW-9","Well","Mitchell Portal Area GW piezometer 9","","","","56.525255","-130.30513","","Google Earth, Google Maps, or other Satellite Imagery","","","","","","","","2/6/2026 11:55:14 AM","","Created by Sarah Tyler from 60 Skeena","","1/16/2026",""
"E341038","MWR 112760 VC-9.79","River, Stream, or Creek","Upstream reference site of MWR discharge","","","","56.69312","-130.542493","","Google Earth, Google Maps, or other Satellite Imagery","","","","","","","","2/6/2026 4:37:02 PM","","Created by Erin Rainey from 60 Skeena","","2/6/2026",""
"E341039","MWR 112760 VC-8.61","River, Stream, or Creek","~100 m downstream of edge of IDZ for MWR discharge in Volcano Creek","","","","56.695331","-130.557624","","Google Earth, Google Maps, or other Satellite Imagery","","","","","","","","2/6/2026 4:39:31 PM","","Created by Erin Rainey from 60 Skeena","","2/6/2026",""
"E341040","MWR 112760 VC-7.97","River, Stream, or Creek","Far field location downstream of MWR discharge in Volcano Creek","","","","56.698666","-130.562481","","Google Earth, Google Maps, or other Satellite Imagery","","","","","","","","2/6/2026 4:40:46 PM","","Created by Erin Rainey from 60 Skeena","","2/6/2026",""
"E341044","Two Rivers 16-3 Compressor Drivers","Stack","","","","","56.170924","-120.276309","","Geographic Positioning System (NAD83)","","","113001","","","","","2/10/2026 8:56:43 AM","","Created by Database Link for EMA from 71 Omineca Peace, Oil and Gas Commission","","2/10/2026",""
"E341045","Two Rivers 16-3 Glycol Reboiler","Stack","","","","","56.172953","-120.269831","","Geographic Positioning System (NAD83)","","","113001","","","","","2/10/2026 9:19:40 AM","","Created by Database Link for EMA from 71 Omineca Peace, Oil and Gas Commission","","2/10/2026",""
"E341046","Two Rivers 16-3 Generator Drivers","Stack","","","","","56.174859","-120.266577","","Geographic Positioning System (NAD83)","","","113001","","","","","2/10/2026 9:27:07 AM","","Created by Database Link for EMA from 71 Omineca Peace, Oil and Gas Commission","","2/10/2026",""
"E341047","Two Rivers 16-3 Oil Treater Burner","Stack","","","","","56.180293","-120.256973","","Geographic Positioning System (NAD83)","","","113001","","","","","2/10/2026 11:02:39 AM","","Created by Database Link for EMA from 71 Omineca Peace, Oil and Gas Commission","","2/10/2026",""
"E341048","Two Rivers 16-3 Fuel Gas Conditioner Reboiler","Stack","","","","","56.182123","-120.254368","","Geographic Positioning System (NAD83)","","","113001","","","","","2/10/2026 11:10:51 AM","","Created by Database Link for EMA from 71 Omineca Peace, Oil and Gas Commission","","2/10/2026",""
"E341049","Two Rivers 16-3 Backup Generator Driver","Stack","","","","","56.171996","-120.271094","","Geographic Positioning System (NAD83)","","","113001","","","","","2/10/2026 11:35:36 AM","","Created by Database Link for EMA from 71 Omineca Peace, Oil and Gas Commission","","2/10/2026",""
"E341050","Two Rivers 16-3 Low Pressure Flare","Stack","","","","","56.171996","-120.271094","","Geographic Positioning System (NAD83)","","","113001","","","","","2/10/2026 1:43:19 PM","","Created by Database Link for EMA from 71 Omineca Peace, Oil and Gas Commission","","2/10/2026",""
"E341051","Two Rivers 16-3 HP Flare Stack","Stack","","","","","56.171996","-120.271094","","Geographic Positioning System (NAD83)","","","113001","","","","","2/10/2026 1:52:41 PM","","Created by Database Link for EMA from 71 Omineca Peace, Oil and Gas Commission","","2/10/2026",""
"E341052","Two Rivers 16-3 Temporary Sources","Stack","","","","","56.171996","-120.271094","","Geographic Positioning System (NAD83)","","","113001","","","","","2/10/2026 2:30:42 PM","","Created by Database Link for EMA from 71 Omineca Peace, Oil and Gas Commission","","2/10/2026",""
"E341053","Two Rivers 16-3 Accumulated Surface Precip","In-Plant","","","","","56.171996","-120.271094","","Geographic Positioning System (NAD83)","","","113001","","","","","2/10/2026 2:34:08 PM","","Created by Database Link for EMA from 71 Omineca Peace, Oil and Gas Commission","","2/10/2026",""
"E341064","Eskay Metallurgical Lab Dust Collector","Stack","Eskay Metallurgical Lab Dust Collector","","","","56.6441","-130.4643","","Google Earth, Google Maps, or other Satellite Imagery","","","112023","","","","","2/10/2026 8:56:59 PM","","Created by Database Link for EMA from 60 Skeena","","2/10/2026",""
"E341065","Eskay Incinerator 4 ","Stack","Incinerator 4 at KM 46","","","","56.6938","-130.5458","","Google Earth, Google Maps, or other Satellite Imagery","","","112023","","","","","2/10/2026 9:11:46 PM","2/10/2026 9:41:23 PM","Created by Database Link for EMA from 60 Skeena","Updated by Database Link for EMA from 60 Skeena","2/10/2026",""
"E341066","Eskay Primary Crusher","Stack","Primary Crusher Dust Collector","","","","56.6481","-130.4559","","Google Earth, Google Maps, or other Satellite Imagery","","","112023","","","","","2/10/2026 9:30:53 PM","2/10/2026 9:40:38 PM","Created by Database Link for EMA from 60 Skeena","Updated by Database Link for EMA from 60 Skeena","2/10/2026",""
"E341067"," Eskay Pebble Crusher","Stack","Pebble crusher dust collector","","","","56.6549","-130.4624","","Google Earth, Google Maps, or other Satellite Imagery","","","112023","","","","","2/10/2026 9:37:41 PM","","Created by Database Link for EMA from 60 Skeena","","2/10/2026",""
"E341084","Eskay Concentrate Dryer Wet Scrubber ","Stack","Concentrate Dryer Wet Scrubber ","","","","56.6449","-130.4642","","Google Earth, Google Maps, or other Satellite Imagery","","","112023","","","","","2/11/2026 11:16:48 AM","","Created by Database Link for EMA from 60 Skeena","","2/11/2026",""
"E341104","ALICE LAKE - SB GRAVEL","Seepage or Seepage Pools","","","","","49.776376","-123.120428","","Google Earth, Google Maps, or other Satellite Imagery","","","","","","","","2/11/2026 11:18:23 AM","","Created by Jennifer Sarchuk from  ","","2/11/2026",""
"E341105","Eskay Concentrate dyer exhaust","Stack"," Concentrate dyer exhaust","","","","56.6449","-130.4641","","Google Earth, Google Maps, or other Satellite Imagery","","","112023","","","","","2/11/2026 11:25:53 AM","","Created by Database Link for EMA from 60 Skeena","","2/11/2026",""
"E341124","Birch a-44-I Recycle Compressor Driver (Q-650)","Stack","","","","","56.953986","-121.539962","","Geographic Positioning System (NAD83)","","","108842","","","","","2/17/2026 10:09:02 AM","","Created by Database Link for EMA from 71 Omineca Peace, Oil and Gas Commission","","2/17/2026",""
"E341144","SW-5 PE107036","River, Stream, or Creek","Natural wetland PE107036","","","","49.3665","-115.2194","","Google Earth, Google Maps, or other Satellite Imagery","","","","","","","","2/18/2026 2:22:13 PM","","Created by Lyudmila Merkulova from 41 Kootenay, Cranbrook","","2/18/2026",""
"E341145","IW-1 PE107036","Well","Extraction well near office","","","","49.3721","-115.2225","","Google Earth, Google Maps, or other Satellite Imagery","","","","","","","","2/18/2026 2:46:39 PM","","Created by Lyudmila Merkulova from 41 Kootenay, Cranbrook","","2/18/2026",""
"E341146","DW-1 PE107036","Well","Drinking water well near residence","","","","49.3646","-115.2179","","Google Earth, Google Maps, or other Satellite Imagery","","","","","","","","2/18/2026 3:23:21 PM","","Created by Lyudmila Merkulova from 41 Kootenay, Cranbrook","","2/18/2026",""
"E341166","Swift Soil Treatment Facility","Infiltration Pond","Swift Soil Treatment Facility Effluent Discharge Point","","","","50.2194","-114.8947","","Google Earth, Google Maps, or other Satellite Imagery","","","424","","","","","2/19/2026 3:57:04 PM","","Created by Database Link for EMA from 41 Kootenay, Cranbrook","","2/19/2026",""
"E341187","Petronas Burn Approval 2026","In-Plant","","","","","56.936172","-122.311318","","Geographic Positioning System (NAD83)","","","112949","","","","","2/20/2026 3:11:33 PM","","Created by Database Link for EMA from 71 Omineca Peace, Oil and Gas Commission","","2/20/2026",""
"E341204","PCRC 109112 Thermal Oxidizer","Stack","PCRC 109112 Direct Fire Thermal Oxidizer with flaring","","","","49.0933","-122.3132","","Google Earth, Google Maps, or other Satellite Imagery","","","109112","","","","","2/23/2026 9:56:27 AM","","Created by Database Link for EMA from 20 Lower Mainland, Surrey","","2/23/2026",""
"E341205","PCRC 109112 Biofilter system","Stack","organic media biofilter","","","","49.09392","-122.31305","","Google Earth, Google Maps, or other Satellite Imagery","","","109112","","","","","2/23/2026 10:23:47 AM","","Created by Database Link for EMA from 20 Lower Mainland, Surrey","","2/23/2026",""
"E341206","PCRC 109112 Natural Gas Fired Boiler","Stack","Natural gas fired hot water boiler to heat anaerobic digesters and pasteurization system		","","","","49.09392","-122.31305","","Google Earth, Google Maps, or other Satellite Imagery","","","109112","","","","","2/23/2026 10:42:44 AM","","Created by Database Link for EMA from 20 Lower Mainland, Surrey","","2/23/2026",""
"E341224","Zulu Aggregates Inc Asphalt Plant","Stack","Hotmix Asphalt plant","","","","54.5223","-128.6462","","Geographic Positioning System (NAD83)","","","112763","","","","","2/24/2026 3:58:54 PM","","Created by Database Link for EMA from 40 Kootenay, Nelson","","2/24/2026",""
"E341244","HIGHWEST LANDFILL OC 100193 CAPTURED LEACHATE","Landfill","area leachate (lined sections of landfill) discharge to treatment works","","","","48.483","-123.501","","Google Earth, Google Maps, or other Satellite Imagery","","","","","","","","2/25/2026 2:25:50 PM","2/25/2026 2:26:41 PM","Created by Todd Thomson from 10 Vancouver Island, Nanaimo","Updated by Todd Thomson from 10 Vancouver Island, Nanaimo","2/25/2026",""
"E341267","D1","Ditch or Culvert","Discharge 1","","","","49.8952","-122.9795","","Google Earth, Google Maps, or other Satellite Imagery","","","113035","","","","","2/26/2026 1:19:59 PM","","Created by Database Link for EMA from 71 Omineca Peace, Oil and Gas Commission","","2/26/2026",""
"E341268","D5","Ditch or Culvert","Drainage 5","","","","49.0827","-122.9814","","Google Earth, Google Maps, or other Satellite Imagery","","","113035","","","","","2/26/2026 1:21:18 PM","","Created by Database Link for EMA from 71 Omineca Peace, Oil and Gas Commission","","2/26/2026",""
